[{"id":2783719421,"title":"Blog Template","order":1,"templateKey":"blog","customTemplate":false,"customTemplateFilename":null,"pageLinks":[],"dateCreated":"2024-03-21T03:59:28.954Z","dateUpdated":"2024-03-21T03:59:30.304Z","folderId":null,"pageName":"Blog Template","sectionCount":1,"status":2},{"id":241649039,"title":"Post Template","order":2,"templateKey":"post","customTemplate":false,"customTemplateFilename":null,"pageLinks":[],"dateCreated":"2024-03-21T03:59:29.107Z","dateUpdated":"2024-03-21T03:59:30.304Z","folderId":null,"pageName":"Post Template","sectionCount":1,"status":2},{"id":51782610,"title":"Product List Template","order":3,"templateKey":"products","customTemplate":false,"customTemplateFilename":null,"pageLinks":[],"dateCreated":"2024-03-21T03:59:29.247Z","dateUpdated":"2024-03-21T03:59:30.305Z","folderId":null,"pageName":"Product List Template","sectionCount":1,"status":2},{"id":62669496,"title":"Product Details Template","order":4,"templateKey":"product","customTemplate":false,"customTemplateFilename":null,"pageLinks":[],"dateCreated":"2024-03-21T03:59:29.389Z","dateUpdated":"2024-03-21T03:59:30.305Z","folderId":null,"pageName":"Product Details Template","sectionCount":1,"status":2},{"id":938325793,"title":"Shopping Cart Template","order":5,"templateKey":"cart","customTemplate":false,"customTemplateFilename":null,"pageLinks":[],"dateCreated":"2024-03-21T03:59:29.506Z","dateUpdated":"2024-03-21T03:59:30.305Z","folderId":null,"pageName":"Shopping Cart Template","sectionCount":1,"status":2},{"id":951203233,"title":"Checkout Template","order":6,"templateKey":"checkout","customTemplate":false,"customTemplateFilename":null,"pageLinks":[],"dateCreated":"2024-03-21T03:59:29.647Z","dateUpdated":"2024-03-21T03:59:30.305Z","folderId":null,"pageName":"Checkout Template","sectionCount":1,"status":2},{"id":92218404,"title":"Login Template","order":7,"templateKey":"login","customTemplate":false,"customTemplateFilename":null,"pageLinks":[],"dateCreated":"2024-03-21T03:59:29.728Z","dateUpdated":"2024-03-21T03:59:30.305Z","folderId":null,"pageName":"Login Template","sectionCount":1,"status":2},{"id":346312592,"title":"Page Password Template","order":8,"templateKey":"password","customTemplate":false,"customTemplateFilename":null,"pageLinks":[],"dateCreated":"2024-03-21T03:59:29.791Z","dateUpdated":"2024-03-21T03:59:30.305Z","folderId":null,"pageName":"Page Password Template","sectionCount":1,"status":2},{"id":32246880,"title":"404 Not Found Template","order":9,"templateKey":"404","customTemplate":false,"customTemplateFilename":null,"pageLinks":[],"dateCreated":"2024-03-21T03:59:29.854Z","dateUpdated":"2024-03-21T03:59:30.305Z","folderId":null,"pageName":"404 Not Found Template","sectionCount":1,"status":2},{"id":44000256,"title":"Thank You Page Template","order":10,"templateKey":"ThankYou","customTemplate":false,"customTemplateFilename":null,"pageLinks":[],"dateCreated":"2024-03-21T03:59:29.914Z","dateUpdated":"2024-03-21T03:59:30.305Z","folderId":null,"pageName":"Thank You Page Template","sectionCount":1,"status":2},{"id":981900913,"title":"Committees","order":100,"templateKey":null,"customTemplate":false,"customTemplateFilename":null,"pageLinks":[],"dateCreated":"2024-03-21T03:59:29.957Z","dateUpdated":"2024-03-23T09:24:17.777Z","folderId":null,"pageName":"Committees_981900913","sectionCount":1,"status":2},{"id":485221947,"title":"Guideline","order":101,"templateKey":null,"customTemplate":false,"customTemplateFilename":null,"pageLinks":[],"dateCreated":"2024-03-21T03:59:29.989Z","dateUpdated":"2024-03-23T09:23:54.362Z","folderId":null,"pageName":"Guideline_485221947","sectionCount":1,"status":2},{"id":3070124050,"title":"Home","order":102,"templateKey":null,"customTemplate":false,"customTemplateFilename":null,"pageLinks":[],"dateCreated":"2024-03-21T04:44:24.458Z","dateUpdated":"2024-03-23T09:25:12.905Z","folderId":null,"pageName":"Home_3070124050","sectionCount":8,"status":2}]